CREATE DATABASE lab3;

CREATE TABLE departments (
  code INTEGER PRIMARY KEY,
  name VARCHAR(255) NOT NULL ,
  budget DECIMAL NOT NULL
);

CREATE TABLE employees (
  ssn INTEGER PRIMARY KEY,
  name VARCHAR(255) NOT NULL ,
  lastname VARCHAR(255) NOT NULL ,
  department INTEGER NOT NULL ,
  city VARCHAR(255),
  FOREIGN KEY (department) REFERENCES departments(code)
);

CREATE TABLE customers (
  id SERIAL PRIMARY KEY,
  name VARCHAR(255) NOT NULL ,
  lastname VARCHAR(255) NOT NULL ,
  city VARCHAR(255)

);

INSERT INTO departments(code,name,budget) VALUES(14,'IT',65000);
INSERT INTO departments(code,name,budget) VALUES(37,'Accounting',15000);
INSERT INTO departments(code,name,budget) VALUES(59,'Human Resources',240000);
INSERT INTO departments(code,name,budget) VALUES(77,'Research',55000);
INSERT INTO departments(code,name,budget) VALUES(45,'Management',155000);
INSERT INTO departments(code,name,budget) VALUES(11,'Sales',85000);

INSERT INTO employees(ssn,name,lastname,department, city) VALUES('123234877','Michael','Rogers',14, 'Almaty');
INSERT INTO employees(ssn,name,lastname,department, city) VALUES('152934485','Anand','Manikutty',14, 'Shymkent');
INSERT INTO employees(ssn,name,lastname,department, city) VALUES('222364883','Carol','Smith',37, 'Astana');
INSERT INTO employees(ssn,name,lastname,department, city) VALUES('326587417','Joe','Stevens',37, 'Almaty');
INSERT INTO employees(ssn,name,lastname,department, city) VALUES('332154719','Mary-Anne','Foster',14, 'Astana');
INSERT INTO employees(ssn,name,lastname,department, city) VALUES('332569843','George','ODonnell',77, 'Astana');
INSERT INTO employees(ssn,name,lastname,department, city) VALUES('546523478','John','Doe',59, 'Shymkent');
INSERT INTO employees(ssn,name,lastname,department, city) VALUES('631231482','David','Smith',77, 'Almaty');
INSERT INTO employees(ssn,name,lastname,department, city) VALUES('654873219','Zacary','Efron',59, 'Almaty');
INSERT INTO employees(ssn,name,lastname,department, city) VALUES('745685214','Eric','Goldsmith',59, 'Atyrau');
INSERT INTO employees(ssn,name,lastname,department, city) VALUES('845657245','Elizabeth','Doe',14, 'Almaty');
INSERT INTO employees(ssn,name,lastname,department, city) VALUES('845657246','Kumar','Swamy',14, 'Almaty');



INSERT INTO customers(name,lastname, city) VALUES('John','Wills', 'Almaty');
INSERT INTO customers(name,lastname, city) VALUES('Garry','Foster', 'London');
INSERT INTO customers(name,lastname, city) VALUES('Amanda','Hills', 'Almaty');
INSERT INTO customers(name,lastname, city) VALUES('George','Doe', 'Tokyo');
INSERT INTO customers(name,lastname, city) VALUES('David','Little', 'Almaty');
INSERT INTO customers(name,lastname, city) VALUES('Shawn','Efron', 'Astana');
INSERT INTO customers(name,lastname, city) VALUES('Eric','Gomez', 'Shymkent');
INSERT INTO customers(name,lastname, city) VALUES('Elizabeth','Tailor', 'Almaty');
INSERT INTO customers(name,lastname, city) VALUES('Julia','Adams', 'Astana');

SELECT (lastname)FROM employees;
SELECT DISTINCT ON (lastname )*FROM employees;

SELECT *FROM employees
WHERE lastname='Smith';

SELECT *FROM employees
WHERE lastname='Smith' or lastname='Doe';

SELECT * FROM employees
WHERE department=14;

SELECT * FROM employees
WHERE department=37 or department=77;

SELECT  sum(budget)
FROM departments;

SELECT department,count(*) AS Count_inDepartment
FROM  employees
GROUP BY department;

SELECT department,count(*) AS Count_inDepartment
FROM  employees
GROUP BY department
HAVING count(*)>2;

SELECT name
FROM departments
WHERE budget>85000
intersect SELECT name
FROM departments
where budget<240000;

SELECT name FROM departments ORDER BY budget desc limit 1 offset 1;

SELECT name,lastname FROM employees WHERE department = (SELECT code FROM departments ORDER BY budget ASC limit 1);

SELECT name FROM employees WHERE city='Almaty' UNION SELECT name FROM customers where city='Almaty';

SELECT * FROM departments WHERE budget>60000 ORDER BY budget ASC  , code desc ;

UPDATE departments SET budget=budget-budget*0.1 WHERE budget = (SELECT budget FROM  departments order by budget asc limit 1) returning budget ;

UPDATE employees SET department=14 where department=77;
select * from employees;

DELETE FROM employees AS empl WHERE empl.department=14;

DELETE FROM employees *;


